<?xml version="1.0" encoding="UTF-8" standalone="no" ?>
<MapProduct xmlns="http://www.garmin.com/xmlschemas/MapProduct/v1">

  <Name>Openfietsmap Lite</Name>

  <DataVersion>100</DataVersion>

  <DataFormat>Original</DataFormat>

  <ID>20011</ID>

  <IDX>63440000.mdx</IDX>

  <MDR>63440000_mdr</MDR>

  <TYP>20011.typ</TYP>

  <SubProduct>
    <Name>Openfietsmap Lite</Name>
    <ID>1</ID>
    <BaseMap>63440000</BaseMap>
    <TDB>63440000.tdb</TDB>
    <Directory>Product1</Directory>
  </SubProduct>

</MapProduct>
